date,sessions,conversion_rate
1/1/18,8713,.0049
1/2/18,12188,.0051
1/3/18,12119,.0078
1/4/18,12075,.0055
1/5/18,13694,.0113
1/6/18,9572,.0070
1/7/18,8618,.0065
1/8/18,9894,.0090
1/9/18,9128,.0111
1/10/18,8858,.0088
1/11/18,12773,.0063
1/12/18,8962,.0123
1/13/18,7943,.0103
1/14/18,8654,.0113
1/15/18,11687,.0133
1/16/18,10487,.0162
1/17/18,10470,.0147
1/18/18,10100,.0150
1/19/18,10514,.0122
1/20/18,9181,.0110
1/21/18,9612,.0107
1/22/18,10885,.0107
1/23/18,10151,.0140
1/24/18,9400,.0137
1/25/18,9835,.0147
1/26/18,9357,.0168
1/27/18,8262,.0159
1/28/18,9223,.0159
1/29/18,11123,.0191
1/30/18,10886,.0210
1/31/18,18188,.0107
2/1/18,10719,.0128
2/2/18,8596,.0148
2/3/18,8053,.0125
2/4/18,8781,.0116
2/5/18,9437,.0119
2/6/18,9940,.0128
2/7/18,8903,.0121
2/8/18,9927,.0133
2/9/18,8775,.0107
2/10/18,8490,.0090
2/11/18,8675,.0110
2/12/18,9135,.0082
2/13/18,8568,.0142
2/14/18,7456,.0126
2/15/18,8754,.0107
2/16/18,7260,.0117
2/17/18,6436,.0177
2/18/18,7116,.0096
2/19/18,7587,.0099
2/20/18,7604,.0129
2/21/18,7239,.0087
2/22/18,7802,.0113
2/23/18,6900,.0125
2/24/18,6601,.0132
2/25/18,7629,.0121
2/26/18,8486,.0160
2/27/18,8034,.0148
2/28/18,7918,.0117
3/1/18,7799,.0168
3/2/18,6896,.0154
3/3/18,7517,.0116
3/4/18,9425,.0080
3/5/18,8666,.0140
3/6/18,8667,.0160
3/7/18,8240,.0098
3/8/18,7633,.0096
3/9/18,7273,.0103
3/10/18,6042,.0101
3/11/18,6994,.0084
3/12/18,8366,.0090
3/13/18,8454,.0105
3/14/18,7783,.0054
3/15/18,8420,.0145
3/16/18,7255,.0150
3/17/18,6566,.0087
3/18/18,6341,.0068
3/19/18,8504,.0135
3/20/18,7348,.0106
3/21/18,6929,.0107
3/22/18,7388,.0137
3/23/18,6882,.0145
3/24/18,6306,.0097
3/25/18,6438,.0067
3/26/18,7424,.0084
3/27/18,8043,.0072
3/28/18,7122,.0073
3/29/18,5831,.0055
3/30/18,5968,.0074
3/31/18,5849,.0060
4/1/18,5695,.0076
4/2/18,7730,.0065
4/3/18,7285,.0096
4/4/18,7805,.0104
4/5/18,8091,.0094
4/6/18,7534,.0145
4/7/18,6416,.0100
4/8/18,7602,.0207
4/9/18,10908,.0112
4/10/18,7741,.0140
4/11/18,8654,.0133
4/12/18,8345,.0181
4/13/18,8033,.0128
4/14/18,6907,.0138
4/15/18,7837,.0126
4/16/18,9151,.0126
4/17/18,8929,.0139
4/18/18,8042,.0142
4/19/18,8483,.0143
4/20/18,8888,.0140
4/21/18,8348,.0125
4/22/18,8208,.0158
4/23/18,8680,.0073
4/24/18,8029,.0086
4/25/18,8337,.0098
4/26/18,9258,.0053
4/27/18,9492,.0111
4/28/18,8885,.0137
4/29/18,9223,.0105
4/30/18,10088,.0081
5/1/18,9494,.0091
5/2/18,9201,.0080
5/3/18,8635,.0104
5/4/18,9292,.0081
5/5/18,8678,.0086
5/6/18,9088,.0118
5/7/18,9571,.0078
5/8/18,9289,.0099
5/9/18,11150,.0090
5/10/18,17589,.0052
5/11/18,12648,.0050
5/12/18,10963,.0039
5/13/18,13477,.0032
5/14/18,8782,.0049
5/15/18,8427,.0091
5/16/18,7861,.0075
5/17/18,8537,.0102
5/18/18,7453,.0083
5/19/18,6406,.0073
5/20/18,7078,.0062
5/21/18,8580,.0082
5/22/18,8033,.0128
5/23/18,8888,.0101
5/24/18,11428,.0144
5/25/18,9638,.0081
5/26/18,8151,.0082
5/27/18,16945,.0360
5/28/18,27987,.0254
5/29/18,20888,.0311
5/30/18,20030,.0317
5/31/18,20574,.0313
6/1/18,19202,.0480
6/2/18,14654,.0313
6/3/18,15102,.0450
6/4/18,12815,.0027
6/5/18,10690,.0054
6/6/18,9976,.0054
6/7/18,9400,.0052
6/8/18,10275,.0118
6/9/18,9641,.0154
6/10/18,9935,.0141
6/11/18,10052,.0061
6/12/18,9466,.0071
6/13/18,9319,.0067
6/14/18,9424,.0108
6/15/18,10156,.0096
6/16/18,11031,.0102
6/17/18,7915,.0112
6/18/18,10299,.0107
6/19/18,10840,.0142
6/20/18,11261,.0134
6/21/18,11770,.0099
6/22/18,11128,.0109
6/23/18,10329,.0095
6/24/18,10816,.0114
6/25/18,11270,.0098
6/26/18,10925,.0117
6/27/18,9599,.0072
6/28/18,9735,.0098
6/29/18,9550,.0087
6/30/18,10696,.0107
7/1/18,8850,.0078
7/2/18,8663,.0069
7/3/18,8632,.0115
7/4/18,9165,.0069
7/5/18,8841,.0080
7/6/18,8697,.0089
7/7/18,7984,.0085
7/8/18,8341,.0074
7/9/18,9854,.0066
7/10/18,9750,.0089
7/11/18,8373,.0094
7/12/18,11932,.0099
7/13/18,11184,.0108
7/14/18,10544,.0121
7/15/18,13386,.0128
7/16/18,13733,.0093
7/17/18,11596,.0128
7/18/18,15951,.0094
7/19/18,14228,.0096
7/20/18,11366,.0099
7/21/18,10733,.0089
7/22/18,11384,.0102
7/23/18,13222,.0079
7/24/18,14864,.0122
7/25/18,13798,.0118
7/26/18,13508,.0115
7/27/18,12886,.0098
7/28/18,12340,.0108
7/29/18,14236,.0126
7/30/18,14158,.0121
7/31/18,15215,.0150
8/1/18,19170,.0117
8/2/18,18840,.0137
8/3/18,14088,.0112
8/4/18,12741,.0092
8/5/18,14432,.0082
8/6/18,1817,.0000
8/7/18,13644,.0161
8/8/18,15158,.0115
8/9/18,13689,.0111
8/10/18,11056,.0115
8/11/18,10309,.0120
8/12/18,11787,.0142
8/13/18,12687,.0099
8/14/18,10348,.0146
8/15/18,9956,.0115
8/16/18,9609,.0110
8/17/18,9813,.0107
8/18/18,8979,.0101
8/19/18,9436,.0139
8/20/18,9834,.0092
8/21/18,9323,.0132
8/22/18,9705,.0089
8/23/18,9322,.0120
8/24/18,9597,.0108
8/25/18,7751,.0072
8/26/18,7061,.0098
8/27/18,9438,.0093
8/28/18,8894,.0084
8/29/18,9000,.0077
8/30/18,10154,.0156
8/31/18,9177,.0123
9/1/18,9148,.0162
9/2/18,9782,.0081
9/3/18,9499,.0092
9/4/18,8623,.0118
9/5/18,9691,.0070
9/6/18,9203,.0142
9/7/18,8660,.0136
9/8/18,7529,.0135
9/9/18,7998,.0076
9/10/18,8291,.0063
9/11/18,7761,.0102
9/12/18,7546,.0109
9/13/18,7823,.0116
9/14/18,8599,.0219
9/15/18,8009,.0146
9/16/18,8630,.0174
9/17/18,10541,.0154
9/18/18,8970,.0086
9/19/18,9631,.0099
9/20/18,7503,.0104
9/21/18,7236,.0127
9/22/18,6740,.0080
9/23/18,7306,.0089
9/24/18,7729,.0101
9/25/18,8118,.0133
9/26/18,8191,.0101
9/27/18,8801,.0077
9/28/18,7382,.0087
9/29/18,7074,.0055
9/30/18,7521,.0089
10/1/18,7593,.0094
10/2/18,10975,.0082
10/3/18,15747,.0267
10/4/18,15106,.0229
10/5/18,13561,.0232
10/6/18,24990,.0180
10/7/18,15867,.0196
10/8/18,12241,.0079
10/9/18,11515,.0108
10/10/18,10548,.0078
10/11/18,12314,.0169
10/12/18,15665,.0204
10/13/18,15244,.0234
10/14/18,15680,.0216
10/15/18,12198,.0067
10/16/18,14018,.0061
10/17/18,12866,.0068
10/18/18,15575,.0250
10/19/18,20282,.0169
10/20/18,19540,.0136
10/21/18,19779,.0207
10/22/18,14591,.0062
10/23/18,12089,.0063
10/24/18,12134,.0057
10/25/18,13540,.0180
10/26/18,17683,.0179
10/27/18,19376,.0197
10/28/18,19418,.0249
10/29/18,18908,.0234
10/30/18,19431,.0297
10/31/18,12410,.0052
11/1/18,9948,.0051
11/2/18,10564,.0102
11/3/18,9005,.0063
11/4/18,9882,.0053
11/5/18,10288,.0055
11/6/18,10138,.0067
11/7/18,9261,.0081
11/8/18,8772,.0060
11/9/18,8833,.0074
11/10/18,7435,.0050
11/11/18,9901,.0061
11/12/18,10637,.0059
11/13/18,11085,.0037
11/14/18,12459,.0030
11/15/18,22180,.0079
11/16/18,32594,.0091
11/17/18,25891,.0278
11/18/18,26438,.0212
11/19/18,26482,.0129
11/20/18,15338,.0075
11/21/18,13333,.0067
11/22/18,35777,.0051
11/23/18,20118,.0160
11/24/18,14683,.0164
11/25/18,15164,.0187
11/26/18,20352,.0209
11/27/18,16684,.0187
11/28/18,13426,.0042
11/29/18,12967,.0046
11/30/18,13548,.0067
12/1/18,12543,.0108
12/2/18,12948,.0136
12/3/18,13481,.0073
12/4/18,12248,.0072
12/5/18,12175,.0078
12/6/18,12473,.0071
12/7/18,14798,.0121
12/8/18,14619,.0127
12/9/18,14957,.0136
12/10/18,14827,.0048
12/11/18,13259,.0063
12/12/18,12612,.0056
12/13/18,12658,.0062
12/14/18,12801,.0082
12/15/18,12473,.0098
12/16/18,13137,.0135
12/17/18,14540,.0051
12/18/18,13801,.0062
12/19/18,12296,.0059
12/20/18,13530,.0058
12/21/18,15756,.0036
12/22/18,15462,.0039
12/23/18,15487,.0019
12/24/18,17645,.0043
12/25/18,11606,.0090
12/26/18,15810,.0079
12/27/18,15431,.0082
12/28/18,13778,.0077
12/29/18,12931,.0063
12/30/18,12273,.0080
12/31/18,10704,.0093
1/1/19,8344,.0072
1/2/19,14033,.0061
1/3/19,15246,.0079
1/4/19,15295,.0069
1/5/19,17325,.0121
1/6/19,13520,.0069
1/7/19,14560,.0043
1/8/19,15167,.0045
1/9/19,13985,.0062
1/10/19,13215,.0070
1/11/19,14570,.0093
1/12/19,13282,.0074
1/13/19,13091,.0081
1/14/19,16500,.0061
1/15/19,12930,.0108
1/16/19,15041,.0080
1/17/19,14826,.0067
1/18/19,14636,.0061
1/19/19,13810,.0074
1/20/19,12983,.0066
1/21/19,15504,.0078
1/22/19,15670,.0079
1/23/19,13289,.0081
1/24/19,14964,.0090
1/25/19,16681,.0076
1/26/19,14115,.0101
1/27/19,14028,.0071
1/28/19,15284,.0090
1/29/19,15242,.0124
1/30/19,15879,.0069
1/31/19,14139,.0105
2/1/19,10423,.0082
2/2/19,12297,.0098
2/3/19,14452,.0101
2/4/19,16435,.0100
2/5/19,13071,.0106
2/6/19,16208,.0058
2/7/19,15424,.0101
2/8/19,16386,.0114
2/9/19,15779,.0117
2/10/19,14741,.0119
2/11/19,15220,.0091
2/12/19,14293,.0125
2/13/19,12804,.0112
2/14/19,10080,.0125
2/15/19,11798,.0119
2/16/19,15527,.0064
2/17/19,12207,.0121
2/18/19,15215,.0059
2/19/19,16157,.0074
2/20/19,15262,.0066
2/21/19,11666,.0067
2/22/19,11217,.0093
2/23/19,14262,.0054
2/24/19,14676,.0044
2/25/19,13932,.0075
2/26/19,10843,.0125
2/27/19,11947,.0085
2/28/19,13509,.0090
3/1/19,14900,.0059
3/2/19,14554,.0038
3/3/19,12981,.0056
3/4/19,15200,.0053
3/5/19,13109,.0077
3/6/19,13686,.0095
3/7/19,16750,.0082
3/8/19,18640,.0067
3/9/19,14739,.0086
3/10/19,13671,.0043
3/11/19,14104,.0040
3/12/19,14191,.0070
3/13/19,20103,.0102
3/14/19,14640,.0096
3/15/19,14648,.0083
3/16/19,15640,.0055
3/17/19,13010,.0044
3/18/19,16495,.0088
3/19/19,16139,.0051
3/20/19,15266,.0045
3/21/19,12459,.0063
3/22/19,17011,.0069
3/23/19,16002,.0055
3/24/19,13995,.0060
3/25/19,15599,.0062
3/26/19,15394,.0058
3/27/19,14217,.0058
3/28/19,14192,.0149
3/29/19,17865,.0108
3/30/19,14533,.0131
3/31/19,15161,.0140
4/1/19,13556,.0086
4/2/19,13314,.0084
4/3/19,14250,.0065
4/4/19,15134,.0117
4/5/19,15575,.0121
4/6/19,14362,.0123
4/7/19,13758,.0107
4/8/19,15448,.0157
4/9/19,14622,.0063
4/10/19,16670,.0038
4/11/19,15210,.0051
4/12/19,13996,.0068
4/13/19,15633,.0063
4/14/19,13847,.0066
4/15/19,15527,.0063
4/16/19,17842,.0073
4/17/19,16771,.0070
4/18/19,15231,.0056
4/19/19,13561,.0089
4/20/19,16900,.0123
4/21/19,16090,.0058
4/22/19,19103,.0038
4/23/19,14159,.0076
4/24/19,15687,.0051
4/25/19,18036,.0053
4/26/19,16082,.0079
4/27/19,15321,.0067
4/28/19,15238,.0077
4/29/19,17379,.0079
4/30/19,14649,.0060
5/1/19,16430,.0097
5/2/19,15712,.0061
5/3/19,17386,.0100
5/4/19,17022,.0094
5/5/19,16919,.0109
5/6/19,18346,.0090
5/7/19,15143,.0101
5/8/19,17656,.0061
5/9/19,17005,.0037
5/10/19,16967,.0000
5/11/19,16271,.0000
5/12/19,15179,.0000
5/13/19,15788,.0039
5/14/19,14739,.0071
5/15/19,12506,.0075
5/16/19,13913,.0077
5/17/19,13819,.0042
5/18/19,14461,.0043
5/19/19,12502,.0075
5/20/19,16395,.0030
5/21/19,17165,.0056
5/22/19,16755,.0031
5/23/19,10411,.0026
5/24/19,15664,.0028
5/25/19,18211,.0039
5/26/19,36766,.0026
5/27/19,37380,.0201
5/28/19,30930,.0144
5/29/19,32113,.0171
5/30/19,29820,.0236
5/31/19,31191,.0203
6/1/19,27499,.0178
6/2/19,21973,.0228
6/3/19,27179,.0180
6/4/19,19191,.0093
6/5/19,21247,.0114
6/6/19,21981,.0091
6/7/19,18260,.0111
6/8/19,20647,.0120
6/9/19,23166,.0195
6/10/19,19387,.0032
6/11/19,17756,.0071
6/12/19,20085,.0102
6/13/19,19941,.0073
6/14/19,17670,.0062
6/15/19,14823,.0066
6/16/19,14833,.0084
6/17/19,15404,.0061
6/18/19,18806,.0087
6/19/19,17540,.0094
6/20/19,17090,.0061
6/21/19,14269,.0078
6/22/19,12596,.0060
6/23/19,14902,.0081
6/24/19,16270,.0074
6/25/19,15592,.0064
6/26/19,14293,.0066
6/27/19,15766,.0044
6/28/19,18844,.0089
6/29/19,16735,.0082
6/30/19,16768,.0097
7/1/19,18118,.0077
7/2/19,17963,.0063
7/3/19,14612,.0067
7/4/19,15970,.0063
7/5/19,16188,.0098
7/6/19,15091,.0085
7/7/19,13655,.0089
7/8/19,17701,.0071
7/9/19,16193,.0049
7/10/19,17448,.0042
7/11/19,7108,.0037
7/12/19,16156,.0057
7/13/19,17503,.0116
7/14/19,17103,.0116
7/15/19,13643,.0016
7/16/19,11077,.0097
7/17/19,23176,.0098
7/18/19,21914,.0131
7/19/19,18730,.0088
7/20/19,17064,.0079
7/21/19,12979,.0080
7/22/19,13622,.0126
7/23/19,12370,.0144
7/24/19,14701,.0090
7/25/19,14496,.0099
7/26/19,13638,.0113
7/27/19,12600,.0102
7/28/19,12692,.0122
7/29/19,14559,.0098
7/30/19,14338,.0139
7/31/19,14159,.0146
8/1/19,18833,.0119
8/2/19,15768,.0122
8/3/19,14299,.0110
8/4/19,15261,.0105
8/5/19,16260,.0081
8/6/19,14095,.0070
8/7/19,13453,.0095
8/8/19,13399,.0119
8/9/19,12355,.0118
8/10/19,12545,.0108
8/11/19,14076,.0126
8/12/19,14191,.0075
8/13/19,12914,.0104
8/14/19,12316,.0080
8/15/19,12129,.0080
8/16/19,12776,.0094
8/17/19,11605,.0128
8/18/19,11277,.0077
8/19/19,13127,.0098
8/20/19,12526,.0070
8/21/19,13519,.0085
8/22/19,13652,.0078
8/23/19,12431,.0068
8/24/19,11451,.0065
8/25/19,10178,.0048
8/26/19,12032,.0071
8/27/19,11908,.0070
8/28/19,10929,.0030
8/29/19,15382,.0155
8/30/19,18175,.0090
8/31/19,15450,.0142
9/1/19,16593,.0148
9/2/19,15475,.0100
9/3/19,15727,.0083
9/4/19,15262,.0094
9/5/19,18158,.0090
9/6/19,16490,.0093
9/7/19,15048,.0099
9/8/19,15759,.0121
9/9/19,14472,.0099
9/10/19,15105,.0092
9/11/19,15010,.0088
9/12/19,16132,.0081
9/13/19,17712,.0085
9/14/19,15630,.0089
9/15/19,17066,.0076
9/16/19,16414,.0181
9/17/19,16605,.0059
9/18/19,16493,.0044
9/19/19,15905,.0080
9/20/19,16345,.0062
9/21/19,19859,.0050
9/22/19,14594,.0071
9/23/19,16753,.0066
9/24/19,15491,.0068
9/25/19,13549,.0066
9/26/19,13904,.0096
9/27/19,13516,.0091
9/28/19,12858,.0075
9/29/19,13683,.0079
9/30/19,15273,.0058
10/1/19,17467,.0097
10/2/19,18630,.0100
10/3/19,21255,.0092
10/4/19,21225,.0086
10/5/19,20455,.0099
10/6/19,20344,.0100
10/7/19,17499,.0069
10/8/19,21586,.0088
10/9/19,19270,.0082
10/10/19,17412,.0086
10/11/19,20943,.0084
10/12/19,19999,.0091
10/13/19,18449,.0113
10/14/19,20950,.0090
10/15/19,22547,.0082
10/16/19,19098,.0090
10/17/19,19464,.0084
10/18/19,21931,.0077
10/19/19,20064,.0096
10/20/19,22259,.0107
10/21/19,19976,.0093
10/22/19,20289,.0036
10/23/19,19049,.0113
10/24/19,21654,.0097
10/25/19,27094,.0076
10/26/19,18142,.0125
10/27/19,15700,.0169
10/28/19,15245,.0133
10/29/19,20519,.0126
10/30/19,22493,.0128
10/31/19,17321,.0242
11/1/19,12689,.0098
11/2/19,11679,.0082
11/3/19,12166,.0104
11/4/19,13986,.0046
11/5/19,13685,.0049
11/6/19,12990,.0050
11/7/19,14924,.0060
11/8/19,15569,.0056
11/9/19,14164,.0056
11/10/19,16327,.0037
11/11/19,19391,.0045
11/12/19,19722,.0067
11/13/19,22995,.0072
11/14/19,27945,.0033
11/15/19,34422,.0017
11/16/19,30242,.0088
11/17/19,28116,.0160
11/18/19,29966,.0145
11/19/19,22423,.0191
11/20/19,18775,.0133
11/21/19,20291,.0101
11/22/19,18522,.0098
11/23/19,14663,.0108
11/24/19,14089,.0134
11/25/19,15943,.0117
11/26/19,16991,.0110
11/27/19,25203,.0099
11/28/19,54697,.0024
11/29/19,61915,.0036
11/30/19,17801,.0067
12/1/19,17782,.0084
12/2/19,24672,.0090
12/3/19,17811,.0072
12/4/19,16020,.0064
12/5/19,17420,.0077
12/6/19,19660,.0086
12/7/19,19670,.0074
12/8/19,19361,.0097
12/9/19,18320,.0097
12/10/19,18257,.0066
12/11/19,18464,.0056
12/12/19,18359,.0072
12/13/19,18054,.0049
12/14/19,17732,.0056
12/15/19,20095,.0091
12/16/19,23960,.0093
12/17/19,24428,.0059
12/18/19,21539,.0046
12/19/19,19754,.0047
12/20/19,32265,.0035
12/21/19,22473,.0034
12/22/19,18715,.0043
12/23/19,19242,.0041
12/24/19,28307,.0022
12/25/19,19281,.0017
12/26/19,24778,.0074
12/27/19,25327,.0065
12/28/19,23529,.0070
12/29/19,23412,.0063
12/30/19,25200,.0060
12/31/19,21974,.0073
1/1/20,16448,.0042
1/2/20,21978,.0055
1/3/20,22230,.0058
1/4/20,19409,.0071
1/5/20,18618,.0073
1/6/20,17013,.0079
1/7/20,16586,.0094
1/8/20,16250,.0062
1/9/20,17147,.0090
1/10/20,18016,.0079
1/11/20,16640,.0082
1/12/20,17636,.0068
1/13/20,19386,.0069
1/14/20,20431,.0099
1/15/20,19959,.0079
1/16/20,18481,.0087
1/17/20,22539,.0060
1/18/20,20346,.0058
1/19/20,23150,.0056
1/20/20,19582,.0073
1/21/20,19048,.0140
1/22/20,25025,.0056
1/23/20,24141,.0058
1/24/20,23822,.0068
1/25/20,20587,.0102
1/26/20,21168,.0112
1/27/20,20921,.0086
1/28/20,21219,.0110
1/29/20,20193,.0069
1/30/20,19684,.0084
1/31/20,16482,.0076
2/1/20,13735,.0098
2/2/20,12882,.0080
2/3/20,14701,.0083
2/4/20,15260,.0115
2/5/20,14588,.0102
2/6/20,14050,.0120
2/7/20,15214,.0073
2/8/20,13797,.0096
2/9/20,16034,.0096
2/10/20,21236,.0048
2/11/20,24196,.0067
2/12/20,16455,.0073
2/13/20,15839,.0061
2/14/20,16653,.0050
2/15/20,16206,.0065
2/16/20,14120,.0086
2/17/20,13506,.0034
2/18/20,12356,.0067
2/19/20,12402,.0060
2/20/20,13150,.0043
2/21/20,16389,.0042
2/22/20,14938,.0037
2/23/20,15259,.0048
2/24/20,15524,.0050
2/25/20,15085,.0052
2/26/20,12808,.0039
2/27/20,14510,.0043
2/28/20,12895,.0067
2/29/20,13560,.0055
3/1/20,14261,.0043
3/2/20,15267,.0048
3/3/20,16005,.0053
3/4/20,22161,.0042
3/5/20,19994,.0073
3/6/20,18322,.0081
3/7/20,17858,.0081
3/8/20,16661,.0079
3/9/20,17003,.0063
3/10/20,16526,.0076
3/11/20,16568,.0072
3/12/20,15832,.0086
3/13/20,14075,.0082
3/14/20,14343,.0082
3/15/20,17385,.0101
3/16/20,16663,.0090
3/17/20,15078,.0051
3/18/20,14316,.0043
3/19/20,12919,.0044
3/20/20,21094,.0052
3/21/20,18123,.0058
3/22/20,15366,.0069
3/23/20,18151,.0035
3/24/20,14360,.0054
3/25/20,13083,.0051
3/26/20,16333,.0069
3/27/20,18210,.0107
3/28/20,14906,.0091
3/29/20,15051,.0116
3/30/20,16761,.0084
3/31/20,16572,.0064
4/1/20,14990,.0119
4/2/20,16405,.0069
4/3/20,15116,.0078
4/4/20,14058,.0110
4/5/20,24207,.0064
4/6/20,48936,.0047
4/7/20,28004,.0095
4/8/20,23882,.0103
4/9/20,24352,.0091
4/10/20,19682,.0109
4/11/20,19188,.0113
4/12/20,20069,.0094
4/13/20,23223,.0092
4/14/20,24888,.0145
4/15/20,22782,.0109
4/16/20,22106,.0123
4/17/20,21772,.0130
4/18/20,19815,.0123
4/19/20,20240,.0134
4/20/20,25422,.0105
4/21/20,23152,.0159
4/22/20,21615,.0122
4/23/20,22528,.0164
4/24/20,22695,.0135
4/25/20,21753,.0137
4/26/20,23773,.0186
4/27/20,25697,.0165
4/28/20,27153,.0182
4/29/20,26252,.0176
4/30/20,30100,.0174
5/1/20,32338,.0136
5/2/20,28950,.0175
5/3/20,27757,.0157
5/4/20,31636,.0150
5/5/20,30197,.0159
5/6/20,30540,.0154
5/7/20,26885,.0124
5/8/20,24559,.0124
5/9/20,23987,.0145
5/10/20,22201,.0147
5/11/20,26271,.0117
5/12/20,25134,.0134
5/13/20,24634,.0129
5/14/20,31154,.0097
5/15/20,30432,.0066
5/16/20,24002,.0106
5/17/20,24982,.0106
5/18/20,25796,.0127
5/19/20,23842,.0164
5/20/20,31176,.0165
5/21/20,29900,.0132
5/22/20,70639,.0209
5/23/20,51715,.0229
5/24/20,48880,.0271
5/25/20,44194,.0213
5/26/20,44670,.0200
5/27/20,45262,.0175
5/28/20,50174,.0161
5/29/20,45631,.0185
5/30/20,49778,.0195
5/31/20,48767,.0209
6/1/20,48580,.0245
6/2/20,36347,.0184
6/3/20,36150,.0156
6/4/20,33380,.0208
6/5/20,31031,.0177
6/6/20,27935,.0193
6/7/20,28188,.0198
6/8/20,30461,.0166
6/9/20,31246,.0180
6/10/20,32760,.0171
6/11/20,34899,.0175
6/12/20,31975,.0130
6/13/20,33384,.0198
6/14/20,33818,.0235
6/15/20,37371,.0158
6/16/20,34939,.0171
6/17/20,34113,.0162
6/18/20,34402,.0165
6/19/20,31714,.0153
6/20/20,29916,.0166
6/21/20,30760,.0177
6/22/20,36853,.0169
6/23/20,35364,.0199
6/24/20,36058,.0185
6/25/20,35356,.0160
6/26/20,33234,.0138
6/27/20,30247,.0158
6/28/20,30056,.0165
6/29/20,35425,.0152
6/30/20,35387,.0195
7/1/20,33768,.0154
7/2/20,34627,.0139
7/3/20,38065,.0190
7/4/20,37816,.0192
7/5/20,32770,.0169
7/6/20,34117,.0135
7/7/20,33163,.0144
7/8/20,34599,.0153
7/9/20,34640,.0157
7/10/20,36102,.0185
7/11/20,34025,.0199
7/12/20,34374,.0147
7/13/20,33680,.0148
7/14/20,35958,.0151
7/15/20,35180,.0130
7/16/20,33520,.0140
7/17/20,35184,.0127
7/18/20,33108,.0159
7/19/20,33767,.0135
7/20/20,35635,.0131
7/21/20,34194,.0159
7/22/20,33556,.0122
7/23/20,32988,.0132
7/24/20,33616,.0188
7/25/20,34017,.0177
7/26/20,34501,.0173
7/27/20,36430,.0150
7/28/20,35992,.0150
7/29/20,36943,.0120
7/30/20,35452,.0134
7/31/20,39658,.0183
8/1/20,35859,.0153
8/2/20,35491,.0145
8/3/20,36358,.0121
8/4/20,37895,.0142
8/5/20,35188,.0129
8/6/20,38160,.0134
8/7/20,42221,.0169
8/8/20,35311,.0131
8/9/20,33487,.0145
8/10/20,37176,.0117
8/11/20,38607,.0132
8/12/20,35976,.0105
8/13/20,33981,.0122
8/14/20,32388,.0117
8/15/20,31655,.0131
8/16/20,33010,.0124
8/17/20,33707,.0099
8/18/20,31045,.0127
8/19/20,33500,.0108
8/20/20,31910,.0094
8/21/20,27535,.0121
8/22/20,28844,.0125
8/23/20,30031,.0115
8/24/20,30613,.0090
8/25/20,33437,.0205
8/26/20,34288,.0161
8/27/20,33913,.0157
8/28/20,31247,.0141
8/29/20,29551,.0118
8/30/20,30710,.0125
8/31/20,34274,.0086
9/1/20,55369,.0092
9/2/20,57427,.0072
9/3/20,56698,.0072
9/4/20,64283,.0055
9/5/20,80603,.0052
9/6/20,80673,.0059
9/7/20,73085,.0041
9/8/20,71622,.0035
9/9/20,71126,.0036
9/10/20,62832,.0041
9/11/20,60221,.0046
9/12/20,61773,.0040
9/13/20,57291,.0058
9/14/20,55732,.0059
9/15/20,46290,.0030
9/16/20,44410,.0037
9/17/20,53784,.0032
9/18/20,57732,.0030
9/19/20,62064,.0029
9/20/20,69033,.0026
9/21/20,70558,.0025
9/22/20,66030,.0028
9/23/20,65386,.0025
9/24/20,59880,.0033
9/25/20,71174,.0025
9/26/20,75349,.0021
9/27/20,78846,.0020
9/28/20,74201,.0018
9/29/20,74805,.0023
9/30/20,59213,.0039
10/1/20,98032,.0016
10/2/20,105638,.0016
10/3/20,98283,.0018
10/4/20,78276,.0091
10/5/20,69831,.0073
10/6/20,63907,.0086
10/7/20,58277,.0081
10/8/20,70964,.0071
10/9/20,76677,.0048
10/10/20,71062,.0053
10/11/20,66962,.0063
10/12/20,81526,.0046
10/13/20,68256,.0065
10/14/20,73878,.0057
10/15/20,79701,.0050
10/16/20,75047,.0047
10/17/20,70134,.0048
10/18/20,68399,.0047
10/19/20,78828,.0041
10/20/20,72235,.0055
10/21/20,85686,.0047
10/22/20,91162,.0038
10/23/20,91646,.0036
10/24/20,86984,.0046
10/25/20,83474,.0050
10/26/20,55187,.0059
10/27/20,71530,.0056
10/28/20,55331,.0066
10/29/20,79060,.0042
10/30/20,86213,.0035
10/31/20,100815,.0037
11/1/20,107062,.0041
11/2/20,94227,.0040
11/3/20,76560,.0044
11/4/20,89942,.0035
11/5/20,113411,.0035
11/6/20,102466,.0033
11/7/20,102915,.0033
11/8/20,97078,.0050
11/9/20,132347,.0112
11/10/20,103345,.0096
11/11/20,125827,.0060
11/12/20,115257,.0062
11/13/20,125961,.0051
11/14/20,111265,.0062
11/15/20,126608,.0076
11/16/20,135758,.0077
11/17/20,104317,.0076
11/18/20,82236,.0102
11/19/20,93546,.0089
11/20/20,130076,.0152
11/21/20,102439,.0044
11/22/20,101105,.0062
11/23/20,79312,.0021
11/24/20,110300,.0017
11/25/20,116108,.0015
11/26/20,97706,.0017
11/27/20,131135,.0047
11/28/20,125941,.0040
11/29/20,113716,.0054
11/30/20,125549,.0060
12/1/20,81952,.0034
12/2/20,77028,.0029
12/3/20,97392,.0023
12/4/20,105712,.0030
12/5/20,108292,.0035
12/6/20,89978,.0057
12/7/20,83045,.0034
12/8/20,85991,.0032
12/9/20,100382,.0030
12/10/20,89850,.0038
12/11/20,96508,.0047
12/12/20,103556,.0045
12/13/20,90710,.0057
12/14/20,94247,.0035
12/15/20,114027,.0028
12/16/20,75244,.0045
12/17/20,47618,.0067
12/18/20,148700,.0035
12/19/20,141423,.0043
12/20/20,103641,.0073
12/21/20,106528,.0059
12/22/20,117108,.0051
12/23/20,100990,.0055
12/24/20,119852,.0031
12/25/20,130020,.0064
12/26/20,135733,.0104
12/27/20,132062,.0065
12/28/20,123553,.0067
12/29/20,97588,.0092
12/30/20,147621,.0044
12/31/20,106192,.0058
1/1/21,106708,.0035
1/2/21,115257,.0046
1/3/21,124653,.0038
1/4/21,105314,.0043
1/5/21,112266,.0047
1/6/21,96228,.0047
1/7/21,110211,.0048
1/8/21,104780,.0075
1/9/21,107982,.0070
1/10/21,108056,.0056
1/11/21,95889,.0051
1/12/21,94735,.0068
1/13/21,93082,.0055
1/14/21,92724,.0060
1/15/21,88483,.0064
1/16/21,93880,.0060
1/17/21,87903,.0068
1/18/21,48384,.0107
1/19/21,37225,.0158
1/20/21,33487,.0148
1/21/21,49211,.0117
1/22/21,51766,.0115
1/23/21,98862,.0059
1/24/21,33483,.0166
1/25/21,112086,.0032
1/26/21,92935,.0070
1/27/21,97637,.0050
1/28/21,90218,.0054
1/29/21,90230,.0054
1/30/21,96845,.0047
1/31/21,88257,.0059
2/1/21,95563,.0072
2/2/21,106071,.0084
2/3/21,90787,.0056
2/4/21,81433,.0056
2/5/21,67181,.0061
2/6/21,79882,.0105
2/7/21,69054,.0146
2/8/21,87115,.0043
2/9/21,94490,.0040
2/10/21,103963,.0032
2/11/21,88600,.0040
2/12/21,103938,.0030
2/13/21,105717,.0031
2/14/21,97062,.0037
2/15/21,95381,.0047
2/16/21,36182,.0129
2/17/21,29104,.0120
2/18/21,31061,.0114
2/19/21,28852,.0108
2/20/21,31724,.0101
2/21/21,40158,.0088
2/22/21,39667,.0072
2/23/21,38199,.0107
2/24/21,38943,.0087
2/25/21,31988,.0082
2/26/21,30649,.0109
2/27/21,32944,.0099
2/28/21,29808,.0140
3/1/21,32994,.0057
3/2/21,34671,.0070
3/3/21,34558,.0082
3/4/21,38123,.0097
3/5/21,35751,.0080
3/6/21,34369,.0089
3/7/21,34665,.0099
3/8/21,32083,.0080
3/9/21,29422,.0088
3/10/21,32194,.0082
3/11/21,33897,.0084
3/12/21,28896,.0097
3/13/21,26975,.0103
3/14/21,27955,.0154
3/15/21,26213,.0073
3/16/21,27753,.0075
3/17/21,28583,.0048
3/18/21,22403,.0062
3/19/21,23076,.0067
3/20/21,24233,.0075
3/21/21,23970,.0081
3/22/21,23836,.0055
3/23/21,26038,.0070
3/24/21,24115,.0055
3/25/21,25404,.0062
3/26/21,28432,.0050
3/27/21,27600,.0047
3/28/21,27764,.0053
3/29/21,27932,.0059
3/30/21,27638,.0075
3/31/21,26063,.0119
4/1/21,31833,.0091
4/2/21,29908,.0102
4/3/21,33530,.0081
4/4/21,31037,.0145
4/5/21,32119,.0049
4/6/21,31166,.0073
4/7/21,28580,.0054
4/8/21,27733,.0065
4/9/21,25630,.0068
4/10/21,22743,.0089
4/11/21,28977,.0078
4/12/21,28280,.0052
4/13/21,26600,.0103
4/14/21,29478,.0107
4/15/21,29385,.0104
4/16/21,31952,.0103
4/17/21,34300,.0085
4/18/21,35353,.0097
4/19/21,32901,.0084
4/20/21,35442,.0094
4/21/21,31474,.0086
4/22/21,33072,.0101
4/23/21,39392,.0093
4/24/21,43485,.0080
4/25/21,41216,.0093
4/26/21,42596,.0068
4/27/21,40725,.0086
4/28/21,38328,.0079
4/29/21,37436,.0088
4/30/21,37606,.0090
5/1/21,40642,.0089
5/2/21,45610,.0103
5/3/21,39929,.0042
5/4/21,36308,.0067
5/5/21,36017,.0067
5/6/21,35012,.0093
5/7/21,34998,.0062
5/8/21,35489,.0074
5/9/21,38337,.0115
5/10/21,32171,.0075
5/11/21,31785,.0064
5/12/21,38030,.0040
5/13/21,43096,.0033
5/14/21,51091,.0044
5/15/21,55218,.0033
5/16/21,64627,.0032
5/17/21,73151,.0019
5/18/21,78145,.0020
5/19/21,81363,.0016
5/20/21,89158,.0014
5/21/21,88868,.0110
5/22/21,112715,.0085
5/23/21,129068,.0120
5/24/21,144439,.0072
5/25/21,142168,.0065
5/26/21,133591,.0060
5/27/21,132591,.0054
5/28/21,123309,.0051
5/29/21,129121,.0067
5/30/21,131197,.0071
5/31/21,144999,.0089
6/1/21,126643,.0036
6/2/21,161743,.0023
6/3/21,184016,.0020
6/4/21,183384,.0022
6/5/21,179873,.0025
6/6/21,189270,.0030
6/7/21,173141,.0012
6/8/21,183217,.0011
6/9/21,169576,.0009
6/10/21,181858,.0015
6/11/21,180261,.0018
6/12/21,179179,.0016
6/13/21,151420,.0024
6/14/21,127935,.0024
6/15/21,90236,.0039
6/16/21,45716,.0066
6/17/21,38169,.0076
6/18/21,38360,.0075
6/19/21,34080,.0081
6/20/21,32969,.0062
6/21/21,49836,.0087
6/22/21,39294,.0119
6/23/21,35133,.0108
6/24/21,31342,.0092
6/25/21,31440,.0089
6/26/21,29568,.0095
6/27/21,32968,.0110
6/28/21,34683,.0087
6/29/21,32980,.0107
6/30/21,31564,.0114
7/1/21,31292,.0093
7/2/21,27421,.0090
7/3/21,27777,.0086
7/4/21,33788,.0091
7/5/21,30958,.0098
7/6/21,30364,.0120
7/7/21,29478,.0087
7/8/21,31090,.0095
7/9/21,31681,.0138
7/10/21,32931,.0134
7/11/21,33628,.0126
7/12/21,33825,.0110
7/13/21,34812,.0132
7/14/21,32319,.0102
7/15/21,36714,.0093
7/16/21,36824,.0099
7/17/21,39388,.0092
7/18/21,39215,.0114
7/19/21,38354,.0089
7/20/21,34407,.0125
7/21/21,34854,.0082
7/22/21,33882,.0100
7/23/21,36269,.0148
7/24/21,36772,.0135
7/25/21,36985,.0127
7/26/21,37873,.0094
7/27/21,39628,.0120
7/28/21,38572,.0090
7/29/21,33646,.0105
7/30/21,37338,.0164
7/31/21,36532,.0104
8/1/21,38882,.0110
8/2/21,38225,.0082
8/3/21,43137,.0111
8/4/21,41630,.0084
8/5/21,41693,.0078
8/6/21,40303,.0091
8/7/21,39765,.0092
8/8/21,45598,.0091
8/9/21,42887,.0051
8/10/21,39538,.0069
8/11/21,35787,.0046
8/12/21,36977,.0050
8/13/21,33922,.0057
8/14/21,35321,.0059
8/15/21,44882,.0053
8/16/21,45547,.0035
8/17/21,43134,.0045
8/18/21,37525,.0033
8/19/21,36980,.0047
8/20/21,33368,.0041
8/21/21,33373,.0046
8/22/21,35539,.0049
8/23/21,44766,.0115
8/24/21,47510,.0207
8/25/21,37184,.0095
8/26/21,36914,.0082
8/27/21,40795,.0124
8/28/21,40110,.0090
8/29/21,41131,.0095
8/30/21,42031,.0079
8/31/21,43889,.0078
9/1/21,37305,.0081
9/2/21,40653,.0088
9/3/21,41949,.0086
9/4/21,42603,.0075
9/5/21,45523,.0098
9/6/21,44113,.0076
9/7/21,41568,.0083
9/8/21,42500,.0086
9/9/21,37872,.0109
9/10/21,40372,.0081
9/11/21,42863,.0089
9/12/21,41987,.0101
9/13/21,39623,.0071
9/14/21,30081,.0090
9/15/21,25818,.0082
9/16/21,28942,.0091
9/17/21,29284,.0086
9/18/21,27673,.0092
9/19/21,30594,.0137
9/20/21,38263,.0143
9/21/21,32447,.0055
9/22/21,30086,.0050
9/23/21,28368,.0051
9/24/21,26870,.0060
9/25/21,26790,.0052
9/26/21,29355,.0070
9/27/21,45230,.0172
9/28/21,42833,.0157
9/29/21,37335,.0187
9/30/21,37503,.0118
10/1/21,36396,.0116
10/2/21,36487,.0124
10/3/21,38069,.0149
10/4/21,36122,.0111
10/5/21,32486,.0115
10/6/21,34621,.0104
10/7/21,39240,.0102
10/8/21,35191,.0097
10/9/21,34224,.0110
10/10/21,35957,.0118
10/11/21,35650,.0100
10/12/21,34311,.0096
10/13/21,33348,.0096
10/14/21,35266,.0107
10/15/21,47107,.0107
10/16/21,37709,.0096
10/17/21,39572,.0130
10/18/21,35517,.0115
10/19/21,34723,.0107
10/20/21,34482,.0104
10/21/21,41667,.0107
10/22/21,37927,.0096
10/23/21,36300,.0122
10/24/21,39611,.0148
10/25/21,37839,.0135
10/26/21,36381,.0222
10/27/21,31430,.0052
10/28/21,28425,.0059
10/29/21,26140,.0052
10/30/21,24194,.0052
10/31/21,26453,.0051
11/1/21,26629,.0058
11/2/21,25071,.0073
11/3/21,27918,.0046
11/4/21,31103,.0042
11/5/21,30847,.0130
11/6/21,29633,.0076
11/7/21,34679,.0059
11/8/21,55158,.0172
11/9/21,56646,.0126
11/10/21,84118,.0153
11/11/21,60278,.0147
11/12/21,53032,.0131
11/13/21,54332,.0149
11/14/21,55706,.0171
11/15/21,62990,.0191
11/16/21,61934,.0247
11/17/21,48413,.0141
11/18/21,38549,.0038
11/19/21,35052,.0050
11/20/21,31027,.0052
11/21/21,32298,.0052
11/22/21,35330,.0051
11/23/21,33921,.0059
11/24/21,34628,.0046
11/25/21,38054,.0064
11/26/21,49588,.0133
11/27/21,37071,.0116
11/28/21,40336,.0122
11/29/21,48062,.0155
11/30/21,39073,.0064
12/1/21,36281,.0055
12/2/21,34040,.0061
12/3/21,33134,.0093
12/4/21,32792,.0074
12/5/21,36722,.0114
12/6/21,38616,.0076
12/7/21,33221,.0098
12/8/21,31462,.0119
12/9/21,35179,.0080
12/10/21,36521,.0123
12/11/21,33923,.0123
12/12/21,36713,.0166
12/13/21,33920,.0118
12/14/21,32771,.0128
12/15/21,32622,.0127
12/16/21,31252,.0132
12/17/21,31025,.0119
12/18/21,29664,.0133
12/19/21,33695,.0147
12/20/21,35034,.0125
12/21/21,34326,.0097
12/22/21,30934,.0101
12/23/21,29155,.0092
12/24/21,22626,.0089
12/25/21,30843,.0136
12/26/21,36481,.0146
12/27/21,37972,.0156
12/28/21,36260,.0134
12/29/21,32118,.0110
12/30/21,28164,.0124
12/31/21,23642,.0146
1/1/22,27611,.0102
1/2/22,36908,.0098
1/3/22,39330,.0093
1/4/22,37039,.0104
1/5/22,34602,.0087
1/6/22,28527,.0103
1/7/22,29118,.0129
1/8/22,28142,.0138
1/9/22,28368,.0137
1/10/22,29460,.0116
1/11/22,30740,.0113
1/12/22,29851,.0109
1/13/22,27828,.0099
1/14/22,29299,.0103
1/15/22,26610,.0137
1/16/22,28165,.0140
1/17/22,29248,.0127
1/18/22,30764,.0124
1/19/22,30985,.0094
1/20/22,30135,.0089
1/21/22,45683,.0129
1/22/22,38701,.0124
1/23/22,37383,.0117
1/24/22,37358,.0099
1/25/22,35054,.0125
1/26/22,39548,.0092
1/27/22,30383,.0110
1/28/22,31090,.0115
1/29/22,26681,.0126
1/30/22,27843,.0136
1/31/22,29002,.0119
2/1/22,27717,.0146
2/2/22,25572,.0127
2/3/22,26745,.0151
2/4/22,27452,.0164
2/5/22,24764,.0174
2/6/22,23566,.0147
2/7/22,28418,.0150
2/8/22,27037,.0168
2/9/22,26178,.0139
2/10/22,32771,.0139
2/11/22,47247,.0188
2/12/22,47922,.0133
2/13/22,50561,.0128
2/14/22,49565,.0088
2/15/22,50108,.0101
2/16/22,46806,.0094
2/17/22,51410,.0089
2/18/22,49510,.0080
2/19/22,46582,.0091
2/20/22,49974,.0082
2/21/22,51298,.0081
2/22/22,46904,.0116
2/23/22,45516,.0088
2/24/22,42831,.0083
2/25/22,44273,.0087
2/26/22,42920,.0089
2/27/22,48418,.0108
2/28/22,50111,.0103
3/1/22,67392,.0389
3/2/22,65596,.0114
3/3/22,60146,.0121
3/4/22,56111,.0108
3/5/22,52694,.0101
3/6/22,55191,.0114
3/7/22,62865,.0093
3/8/22,62057,.0108
3/9/22,57140,.0097
3/10/22,51625,.0124
3/11/22,55480,.0107
3/12/22,52163,.0124
3/13/22,58910,.0137
3/14/22,61921,.0121
3/15/22,55346,.0137
3/16/22,52212,.0127
3/17/22,57245,.0120
3/18/22,55557,.0109
3/19/22,50068,.0140
3/20/22,54002,.0179
3/21/22,60426,.0073
3/22/22,54058,.0089
3/23/22,53516,.0070
3/24/22,55220,.0081
3/25/22,47185,.0085
3/26/22,41721,.0088
3/27/22,45180,.0078
3/28/22,50244,.0076
3/29/22,49246,.0105
3/30/22,46254,.0088
3/31/22,51477,.0084
4/1/22,47899,.0104
4/2/22,41004,.0119
4/3/22,41864,.0095
4/4/22,49231,.0088
4/5/22,46699,.0134
4/6/22,50139,.0082
4/7/22,33116,.0105
4/8/22,46449,.0084
4/9/22,41965,.0107
4/10/22,41027,.0102
4/11/22,51028,.0094
4/12/22,49283,.0132
4/13/22,52185,.0080
4/14/22,49090,.0173
4/15/22,51359,.0111
4/16/22,46370,.0144
4/17/22,53878,.0154
4/18/22,59779,.0142
4/19/22,58056,.0092
4/20/22,61795,.0140
4/21/22,54433,.0130
4/22/22,65877,.0135
4/23/22,58145,.0115
4/24/22,62596,.0119
4/25/22,60949,.0113
4/26/22,56132,.0133
4/27/22,60728,.0105
4/28/22,62261,.0104
4/29/22,70414,.0098
4/30/22,61838,.0107
5/1/22,70443,.0150
5/2/22,73515,.0099
5/3/22,68532,.0119
5/4/22,65989,.0094
5/5/22,64169,.0123
5/6/22,75615,.0146
5/7/22,62206,.0128
5/8/22,65173,.0116
5/9/22,71486,.0115
5/10/22,69900,.0090
5/11/22,61727,.0060
5/12/22,54518,.0074
5/13/22,80720,.0073
5/14/22,56903,.0092
5/15/22,57703,.0080
5/16/22,63108,.0080
5/17/22,57834,.0117
5/18/22,57475,.0080
5/19/22,59045,.0083
5/20/22,85895,.0197
5/21/22,82661,.0172
5/22/22,91985,.0176
5/23/22,141615,.0196
5/24/22,115933,.0201
5/25/22,114168,.0174
5/26/22,97985,.0179
5/27/22,95878,.0180
5/28/22,99096,.0189
5/29/22,101607,.0223
5/30/22,113782,.0183
5/31/22,111779,.0316
6/1/22,87781,.0109
6/2/22,73973,.0120
6/3/22,70337,.0125
6/4/22,64962,.0151
6/5/22,75472,.0181
6/6/22,70872,.0051
6/7/22,61516,.0089
6/8/22,60095,.0077
6/9/22,61644,.0114
6/10/22,66228,.0134
6/11/22,63654,.0136
6/12/22,76083,.0152
6/13/22,76554,.0107
6/14/22,66171,.0151
6/15/22,71467,.0131
6/16/22,65195,.0121
6/17/22,65163,.0124
6/18/22,59230,.0132
6/19/22,59525,.0107
6/20/22,77243,.0203
6/21/22,78166,.0221
6/22/22,77595,.0193
6/23/22,68822,.0136
6/24/22,66715,.0151
6/25/22,62294,.0138
6/26/22,66872,.0147
6/27/22,70166,.0112
6/28/22,68172,.0158
6/29/22,70065,.0122
6/30/22,66577,.0130
7/1/22,59637,.0154
7/2/22,55872,.0146
7/3/22,61595,.0141
7/4/22,66033,.0119
7/5/22,66399,.0170
7/6/22,63259,.0124
7/7/22,60728,.0134
7/8/22,66287,.0241
7/9/22,68073,.0210
7/10/22,69415,.0192
7/11/22,80810,.0132
7/12/22,75365,.0187
7/13/22,73295,.0137
7/14/22,74264,.0129
7/15/22,75424,.0147
7/16/22,71321,.0133
7/17/22,77460,.0135
7/18/22,81652,.0107
7/19/22,79937,.0144
7/20/22,75552,.0100
7/21/22,73216,.0105
7/22/22,82588,.0222
7/23/22,75773,.0158
7/24/22,73496,.0146
7/25/22,82341,.0108
7/26/22,84098,.0144
7/27/22,91320,.0104
7/28/22,86587,.0131
7/29/22,80681,.0138
7/30/22,71704,.0117
7/31/22,80590,.0167
8/1/22,79629,.0145
8/2/22,76527,.0197
8/3/22,72932,.0133
8/4/22,72513,.0174
8/5/22,68882,.0193
8/6/22,65329,.0172
8/7/22,67485,.0172
8/8/22,71836,.0090
8/9/22,66631,.0133
8/10/22,65103,.0112
8/11/22,65807,.0122
8/12/22,63209,.0114
8/13/22,59135,.0080
8/14/22,65202,.0084
8/15/22,74993,.0095
8/16/22,68438,.0120
8/17/22,64548,.0083
8/18/22,62742,.0079
8/19/22,60283,.0076
8/20/22,57475,.0076
8/21/22,63149,.0082
8/22/22,78679,.0287
8/23/22,101392,.0268
8/24/22,90092,.0095
8/25/22,85718,.0092
8/26/22,76846,.0087
8/27/22,69889,.0096
8/28/22,67332,.0122
8/29/22,69427,.0097
8/30/22,69511,.0110
8/31/22,64818,.0064
9/1/22,66029,.0037
9/2/22,62894,.0084
9/3/22,66438,.0122
9/4/22,68924,.0135
9/5/22,72636,.0111
9/6/22,67747,.0142
9/7/22,67425,.0108
9/8/22,66664,.0117
9/9/22,63425,.0154
9/10/22,65257,.0112
9/11/22,69700,.0137
9/12/22,67283,.0107
9/13/22,62422,.0116
9/14/22,56748,.0107
9/15/22,69663,.0118
9/16/22,60280,.0105
9/17/22,63900,.0122
9/18/22,64916,.0139
9/19/22,66131,.0161
9/20/22,59741,.0096
9/21/22,56963,.0072
9/22/22,55582,.0077
9/23/22,59263,.0078
9/24/22,59787,.0072
9/25/22,62930,.0088
9/26/22,108000,.0159
9/27/22,125843,.0136
9/28/22,131605,.0169
9/29/22,125400,.0107
9/30/22,135996,.0090
10/1/22,83526,.0136
10/2/22,85151,.0174
10/3/22,87905,.0122
10/4/22,87640,.0130
10/5/22,86315,.0127
10/6/22,87611,.0148
10/7/22,90613,.0142
10/8/22,88246,.0155
10/9/22,99200,.0196
10/10/22,93764,.0125
10/11/22,85804,.0142
10/12/22,84168,.0131
10/13/22,84458,.0148
10/14/22,84321,.0140
10/15/22,84589,.0138
10/16/22,90055,.0174
10/17/22,91492,.0126
10/18/22,79876,.0141
10/19/22,83241,.0133
10/20/22,84994,.0153
10/21/22,80690,.0159
10/22/22,79726,.0163
10/23/22,83505,.0204
10/24/22,86984,.0174
10/25/22,87410,.0226
10/26/22,72909,.0043
10/27/22,65377,.0050
10/28/22,56432,.0054
10/29/22,53483,.0055
10/30/22,59123,.0052
10/31/22,61490,.0057
11/1/22,56161,.0090
11/2/22,56809,.0083
11/3/22,65637,.0058
11/4/22,64508,.0073
11/5/22,63458,.0064
11/6/22,67869,.0070
11/7/22,74744,.0065
11/8/22,64594,.0106
11/9/22,67194,.0065
11/10/22,69531,.0073
11/11/22,75499,.0117
11/12/22,73343,.0076
11/13/22,78589,.0085
11/14/22,98807,.0223
11/15/22,112788,.0308
11/16/22,169241,.0208
11/17/22,144956,.0202
11/18/22,197513,.0222
11/19/22,161977,.0187
11/20/22,301558,.0111
11/21/22,340223,.0197
11/22/22,169873,.0174
11/23/22,113640,.0084
11/24/22,103980,.0095
11/25/22,107069,.0117
11/26/22,104087,.0083
11/27/22,104457,.0108
11/28/22,123503,.0097
11/29/22,113572,.0071
11/30/22,119470,.0062
12/1/22,89332,.0097
12/2/22,83645,.0128
12/3/22,76439,.0147
12/4/22,81747,.0179
12/5/22,92515,.0156
12/6/22,107054,.0098
12/7/22,90083,.0107
12/8/22,104602,.0094
12/9/22,124189,.0120
12/10/22,117621,.0117
12/11/22,114639,.0192
12/12/22,120635,.0146
12/13/22,106152,.0119
12/14/22,107452,.0123
12/15/22,101385,.0121
12/16/22,103350,.0168
12/17/22,88745,.0191
12/18/22,96292,.0207
12/19/22,112368,.0200
12/20/22,114881,.0160
12/21/22,104803,.0170
12/22/22,101046,.0199
12/23/22,93436,.0114
12/24/22,76727,.0099
12/25/22,110161,.0147
12/26/22,124584,.0154
12/27/22,116961,.0195
12/28/22,108932,.0186
12/29/22,104034,.0137
12/30/22,91809,.0144
12/31/22,72847,.0146
1/1/23,69924,.0116
1/2/23,94946,.0131
1/3/23,94020,.0137
1/4/23,89069,.0129
1/5/23,82521,.0138
1/6/23,91314,.0209
1/7/23,82485,.0172
1/8/23,87339,.0178
1/9/23,93282,.0139
1/10/23,100211,.0202
1/11/23,80203,.0146
1/12/23,79245,.0147
1/13/23,77923,.0144
1/14/23,76270,.0153
1/15/23,80076,.0169
1/16/23,86579,.0141
1/17/23,80343,.0192
1/18/23,74763,.0178
1/19/23,78286,.0185
1/20/23,94553,.0209
1/21/23,88401,.0211
1/22/23,90440,.0201
1/23/23,97063,.0159
1/24/23,104181,.0189
1/25/23,93345,.0146
1/26/23,89187,.0185
1/27/23,87550,.0178
1/28/23,88238,.0156
1/29/23,89011,.0166
1/30/23,94074,.0130
1/31/23,93047,.0193
2/1/23,86295,.0159
2/2/23,84653,.0173
2/3/23,82646,.0156
2/4/23,74039,.0139
2/5/23,75900,.0128
2/6/23,81038,.0131
2/7/23,77856,.0134
2/8/23,73139,.0115
2/9/23,65940,.0139
2/10/23,65352,.0156
2/11/23,63347,.0167
2/12/23,63569,.0183
2/13/23,65550,.0119
2/14/23,62989,.0154
2/15/23,62653,.0132
2/16/23,64512,.0139
2/17/23,62046,.0096
2/18/23,55926,.0095
2/19/23,53301,.0125
2/20/23,64795,.0084
2/21/23,65802,.0091
2/22/23,68033,.0080
2/23/23,67551,.0084
2/24/23,68620,.0081
2/25/23,64955,.0087
2/26/23,69385,.0095
2/27/23,89150,.0216
2/28/23,99096,.0339
3/1/23,75917,.0106
3/2/23,74694,.0122
3/3/23,66220,.0132
3/4/23,58902,.0138
3/5/23,62581,.0167
3/6/23,67852,.0112
3/7/23,71669,.0112
3/8/23,70880,.0097
3/9/23,71942,.0103
3/10/23,74559,.0100
3/11/23,75007,.0109
3/12/23,79114,.0128
3/13/23,79911,.0085
3/14/23,76297,.0106
3/15/23,78632,.0093
3/16/23,83696,.0091
3/17/23,86896,.0090
3/18/23,85276,.0101
3/19/23,86472,.0145
3/20/23,84973,.0071
3/21/23,74092,.0082
3/22/23,79812,.0063
3/23/23,77774,.0068
3/24/23,75239,.0065
3/25/23,66871,.0072
3/26/23,69230,.0074
3/27/23,69951,.0071
3/28/23,66561,.0094
3/29/23,63401,.0069
3/30/23,63971,.0078
3/31/23,65365,.0097
4/1/23,62663,.0070
4/2/23,66516,.0069
4/3/23,71613,.0059
4/4/23,71658,.0084
4/5/23,65593,.0068
4/6/23,66641,.0111
4/7/23,70663,.0104
4/8/23,74173,.0092
4/9/23,77839,.0129
4/10/23,83578,.0109
4/11/23,77136,.0077
4/12/23,80164,.0058
4/13/23,73864,.0057
4/14/23,68517,.0059
4/15/23,72656,.0066
4/16/23,79034,.0066
4/17/23,109489,.0202
4/18/23,128086,.0253
4/19/23,113234,.0128
4/20/23,109962,.0127
4/21/23,104505,.0127
4/22/23,91082,.0151
4/23/23,91877,.0169
4/24/23,95034,.0125
4/25/23,88623,.0146
4/26/23,95834,.0121
4/27/23,102328,.0120
4/28/23,105217,.0121
4/29/23,102954,.0130
4/30/23,102919,.0153
5/1/23,110348,.0145
5/2/23,111883,.0116
5/3/23,108694,.0105
5/4/23,104220,.0132
5/5/23,111600,.0125
5/6/23,107375,.0118
5/7/23,99351,.0170
5/8/23,99684,.0126
5/9/23,104768,.0119
5/10/23,101166,.0115
5/11/23,102846,.0133
5/12/23,103770,.0133
5/13/23,93254,.0158
5/14/23,101090,.0211
5/15/23,104704,.0226
5/16/23,93315,.0064
5/17/23,83433,.0051
5/18/23,79812,.0056
5/19/23,78327,.0058
5/20/23,70624,.0064
5/21/23,71154,.0066
5/22/23,77561,.0060
5/23/23,79249,.0094
5/24/23,103277,.0138
5/25/23,98772,.0140
5/26/23,99130,.0127
5/27/23,101097,.0127
5/28/23,119726,.0143
5/29/23,182430,.0134
5/30/23,168653,.0126
5/31/23,157156,.0124
6/1/23,142911,.0148
6/2/23,144416,.0104
6/3/23,131834,.0110
6/4/23,141828,.0137
6/5/23,151189,.0124
6/6/23,157052,.0201
6/7/23,113121,.0099
6/8/23,104297,.0110
6/9/23,94361,.0064
6/10/23,91923,.0065
6/11/23,98093,.0082
6/12/23,97133,.0071
6/13/23,92120,.0093
6/14/23,98792,.0076
6/15/23,94676,.0076
6/16/23,98077,.0073
6/17/23,88461,.0084
6/18/23,92116,.0111
6/19/23,108857,.0115
6/20/23,113395,.0147
6/21/23,120344,.0143
6/22/23,100928,.0086
6/23/23,83541,.0097
6/24/23,82925,.0103
6/25/23,87084,.0107
6/26/23,99448,.0078
6/27/23,96871,.0118
6/28/23,92798,.0084
6/29/23,89258,.0101
6/30/23,82230,.0138
7/1/23,90252,.0107
7/2/23,97534,.0113
7/3/23,102242,.0095
7/4/23,100790,.0142
7/5/23,100020,.0104
7/6/23,97176,.0120
7/7/23,118138,.0167
7/8/23,102061,.0148
7/9/23,103635,.0141
7/10/23,104711,.0114
7/11/23,98378,.0152
7/12/23,91116,.0125
7/13/23,85980,.0129
7/14/23,81859,.0158
7/15/23,79867,.0156
7/16/23,86778,.0157
7/17/23,91050,.0132
7/18/23,87175,.0195
7/19/23,82981,.0131
7/20/23,81096,.0144
7/21/23,88247,.0278
7/22/23,82424,.0218
7/23/23,89194,.0205
7/24/23,95143,.0139
7/25/23,96221,.0201
7/26/23,95661,.0142
7/27/23,111458,.0145
7/28/23,107970,.0126
7/29/23,102200,.0107
7/30/23,115834,.0099
7/31/23,108083,.0100
8/1/23,114519,.0155
8/2/23,113785,.0089
8/3/23,100180,.0107
8/4/23,112796,.0078
8/5/23,98405,.0077
8/6/23,97820,.0095
8/7/23,90050,.0087
8/8/23,98134,.0131
8/9/23,93609,.0081
8/10/23,88860,.0086
8/11/23,76628,.0101
8/12/23,76519,.0085
8/13/23,80165,.0092
8/14/23,86767,.0083
8/15/23,92814,.0126
8/16/23,83535,.0098
8/17/23,91567,.0071
8/18/23,86212,.0064
8/19/23,74020,.0068
8/20/23,77371,.0075
8/21/23,83659,.0060
8/22/23,116726,.0231
8/23/23,107628,.0402
8/24/23,151840,.0188
8/25/23,105375,.0104
8/26/23,96562,.0103
8/27/23,106083,.0166
8/28/23,103084,.0051
8/29/23,106059,.0059
8/30/23,109189,.0050
8/31/23,120435,.0081
9/1/23,99459,.0095
9/2/23,95280,.0101
9/3/23,108945,.0162
9/4/23,92535,.0052
9/5/23,89744,.0067
9/6/23,81783,.0058